group_key,business_unit_code,business_unit_name,sku_list,salesforce_feature_mode,sarima_p,sarima_d,sarima_q,sarima_P,sarima_D,sarima_Q,sarima_s
M11_dental,D200,Dental,          ITEM_M11-040|          ITEM_M11-050,quantity,1,0,1,1,0,0,12
M11_vet,D300,Animal Health,          ITEM_M11-043|          ITEM_M11-053,quantity,1,0,1,0,0,0,12
M9_dental,D200,Dental,          ITEM_M9-040|          ITEM_M9-050,quantity,0,0,1,1,0,0,12
M9_vet,D300,Animal Health,          ITEM_M9-043|          ITEM_M9-053,quantity,1,0,1,0,0,0,12
204,D100,Medical,     Prod_204,quantity,1,1,1,0,0,0,12
224,D100,Medical,          Prod_224,quantity,0,1,1,0,0,0,12
ECG,D100,Medical,          ITEM_4-000-0080,quantity,1,0,1,1,0,0,12
Digital_Vital_Signs,D100,Medical,               ITEM_4-000-0550,quantity,0,0,1,0,1,0,12
250,D100,Medical,PROD_50,quantity,1,1,1,0,1,0,12
253,D100,Medical,Prod_53,quantity,1,1,0,1,0,0,12
255,D300,Animal Health,prod_255,quantity,0,0,2,1,0,1,12
Preva,D200,Dental,Prod_21200,quantity,0,1,0,1,0,0,12
VMR,D300,Animal Health,     Prod_5725,quantity,1,1,2,0,1,1,12
Scavengers,D300,Animal Health,     Prod_5726,quantity,1,1,0,1,0,1,12
Ventilators,D300,Animal Health,     Prod_5750,quantity,1,1,2,0,1,1,12
VMS,D300,Animal Health,Prod_5720,quantity,0,1,2,1,1,1,12
VMS_Plus,D300,Animal Health,Prod_5721,quantity,2,0,2,0,0,0,12
VME2,D300,Animal Health,Prod_5722,quantity,0,1,1,0,1,1,12
Vaporizers,D300,Animal Health,Prod_5740,quantity,0,1,1,1,1,0,12
Sodasorb,D300,Animal Health,prod_5797,quantity,1,1,0,0,0,0,12
CMDT-45,D300,Animal Health,          ITEM_CMDT-45,quantity,1,0,0,1,0,1,12
CMDT-60,D300,Animal Health,          ITEM_CMDT-60,quantity,2,1,0,1,0,1,12
5860,D300,Animal Health,     Prod_5860,quantity,0,1,0,1,0,0,12
7231,D300,Animal Health,     Prod_7231,quantity,0,1,0,0,1,0,12
7335,D300,Animal Health,     Prod_7335,quantity,1,0,0,0,0,0,12
7336,D300,Animal Health,     Prod_7336,quantity,1,1,2,1,1,1,12
7333,D300,Animal Health,     Prod_7333,quantity,0,1,0,0,1,0,12
7337,D300,Animal Health,     Prod_7337,quantity,1,0,1,1,0,1,12
7234,D300,Animal Health,     Prod_7234,quantity,1,0,0,0,0,0,12
5840,D300,Animal Health,     Prod_5840,quantity,0,1,2,1,1,1,12
